title,thumb,image,text,video
Coming Together,images/Handsin.gif,images/Handsin.gif,"Our group, British Columbia One, or BC1 for short, met in Banff during the plenary sessions of the 2023 Commonwealth Study Conference. After introductions one of the first things we did was create a team charter, which you can see here. One of the next things we did was film this video!",
Athabasca Glacier,images/Glacier.jpeg,images/Glacier.jpeg,"Despite the bus breakdowns we made it to the glacier and Mik Allchin provided us with perspective on its deterioration in the face of the climate crisis,",https://youtu.be/OqoncMi-evA
Community,images/CommunityAtUBC.jpg,images/CommunityText.png,The importance of community was one of the key themes that came up again and again throughout our journey. This was a mural at UBC farm.,
"Lakeland Mills, Prince George",images/LakeLand360.jpeg,images/LakeLand360.jpeg,"We were given a tour of Lakeland Mills, a lumber mill in Prince George. Follow along this <a href=""https://kuula.co/share/collection/7Jhjb?logo=1&info=1&fs=1&vr=0&sd=1&thumbs=1"">360 tour we made of the mill.</a>",
Kali and Omar on the Piano,images/Piano.png,images/Piano.png,Omar and Kali showing some musical teamwork in Wells. Shout out to the strange hole in the floor in one of the guesthouses we stayed in.,https://youtu.be/NwMp70TRnoE
Whitewater Rafting on the Thompson River,images/raftwave.jpeg,images/Rafting.gif,"Caroline: We shared being in front, so that everyone had the chance to get wet and cold… It was awesome! We learnt that sometimes the water is calm but sometimes the icy cold water slaps you in the face. (If you didn’t get that, that experience was a metaphor for leadership—ultimately, it can be icy and cold and wet but we can share the load).",
Packing House Coffee,images/PackingShed1.jpeg,images/PackingShed1.jpeg,"Met with Steve Paulette and Sally.<br />Nicole: Highlighted point for local leaders to make connections at provincial and federal level to open up lines of communication to enact change. Cache Creek Packing House owner Steve was former local government official who made connection at provincial level so that he could have important meetings allowing things such as road development and fishing restrictions could be passed.<br />Trish: I keep coming back to the notion of consultation - if you ask those who are local, they will work with you and help you. Example, if they had consulted, they could have prevented the decimation of the trout population at Steelhead.",
Kirby,images/Kirby.jpg,images/Kirby.jpg,,
Lumina,images/Lumina.jpeg,images/Lumina.jpeg,,
Eduardo,images/Eduardo.jpeg,images/Eduardo.jpeg,,https://www.youtube.com/watch?v=l605Oq6ZSGg
Brittani from SLCC,images/Britt.png,images/Britt.png,,
Ismali Mosque,images/IsmaliStairs.jpeg,images/IsmaliStairs.jpeg,,
Remember Your Teachings,images/RememberYourTeachings.jpg,images/GigGig.jpg,"Ed's grandpa, Edward Guinness, was invited by the Duke of Edinburgh to the first CSC in 1956.<br />
Kali: We have been fortunate to learn so much from many generations of CSC alum on our journey, and we hope to return the favour and inform the CSC members of the  near & distant future, passing on that torch of knowledge- “Seven generations in the past, seven generations in the future…”",
Winery,images/Winery.jpeg,images/Winery.jpeg,,
Wildfires,images/wildfire.gif,images/wildfire.gif,"The challenges faced are real and urgent, climate change being one of the largest. We heard a lot about wildfires during our trip and saw the devastation that they can cause. After we returned home, Jasper, where we had been staying <a href=""https://www.bbc.co.uk/news/articles/c9wv2902y98o"">was ravaged by fire and we witnessed shocking pictures of the town in ashes.</a>",https://www.youtube.com/watch?v=ffXMLFWQS8M
The Wampum,images/Wampum.png,images/Wampum.png,"This is the Two Row Wampum, a treaty made between the Dutch and the Haudenosaunee in the 17th century. We learned about this from Rebekah Ingram, who we chatted with a week later over a video call that you can watch here, or you can read more about it in<a href=""https://www.onondaganation.org/culture/wampum/two-row-wampum-belt-guswenta/"">this article from the Onondaga Nation</a>. We liked the concept of the canoe and the ship so much that it became of our presentation.",https://www.youtube.com/watch?v=qUDg7DZmWNY
Maligne Lake,images/BoatMaligne.gif,images/MaligneLake.jpg,"This lake was absolutely stunning, if you could only show someone one image to define the word ""nature"" this might well be it. <br />Nciole: From Dr Mik we Learned the term two-eyed observation which is a respectful approach between scientific and indigenous communities where ""one eye"" is the traditional/indigenous method and the other eye is the scientific approach. <br />Kai: We also need to stop with overconsulting and work out a path to delivering true value. Dr Mik lit the burning platform but we now need action",
Lumber Mill Automation,images/Timber.gif,images/LakelandControl.jpg,"Lots of processes at the mill had been automated, lumber was scanned to check how it should be cut and for quality.",
A Strange Bike in Wells,images/BikeInWells.jpeg,images/BikeInWells.jpeg,"This was a crazy bike we came across in Wells, that you kind of needed to jump on and start pedalling at the same time. There's not necessarily a cute analogy here, but I guess it's not unlike the Study Conference experience where you have to jump in and start moving quickly else you'll fall over!",https://www.youtube.com/watch?v=izO6jsEgk_U
Bernie and Lorna from Kumsheen Rafting,images/BernieandLorna.jpeg,images/BernieAndLornaTalk.jpg,"They started their business 50 years (to the day) before we arrived!<br />Adele: Entrepreneurship is hard work - with or without employees. Remain focused on vision. Start small than expand. Listen to all stakeholders but must develop the ability to know whom to listen too.<br />Su: When no one has heard of river rafting and even question the sustainability of the business, they were firm believers of their own passion, overcoming obstacles and eventually build up the adventure tourism in Lytton and go on to create awareness on the importance of river ecology and the effect of climate change on Thomson River. And when the wild forest fire engulfed Lytton they immediately begin rebuilding, knowing many families depend on Kumsheen to put food on their tables.<br />Trish: Having a community helps people get through the difficult times - theater, art, music programs provide a place to gather, be together, be involved<br />Nicole: Community focused business can still be profitable and provide a great place to work. Kumsheen rafting is a family owned for-profit business which caters to the need of the community. Bank burned down = Scotiabank temporary bank on property. Forestry worker housing burnt down = open up space on property. Company pushing government to take action by staying involved and holding inaction accountable.",
Derek,images/Derek.png,images/DerekTour.jpg,"Most engaging tour guide ever! At the <a href=""https://www.britanniaminemuseum.ca/"">Britannia Mine Museum</a>.",
Sea to Sky Gondola,images/Gondola.png,images/Gondola.png,,
Sleeping on the Bus,images/SuSleeping.png,images/BusSleepCollage.jpg,"This was a tiring trip, so we often caught some shut eye on the bus and Su was then on hand to catch us sleeping in our most flattering poses. We did catch her once though!",
University of Vancouver,images/Whale360.jpg,images/Whale360.jpg,,
Kai Chan,images/Kai-Chan-Headshot_hi-res-768x512.jpeg,images/Kai-Chan-Headshot_hi-res-768x512.jpeg,,
Imani Centre,images/ImaniCentre.jpeg,images/ImaniCentre.jpeg,,
Sarah McLachlan School of Music,images/SarahMusicSchool.jpg,images/SarahMusicSchool.jpg,,
Baseball,images/Baseball.jpeg,images/Baseball.jpeg,,
Fairmont Hotel,images/Fairmont.jpeg,images/Fairmont.jpeg,"At the Fairmont Hotel Claire and Shane from their team we met talked about the concept of servant leadership. Nicole: They described it as an ""upside down pyramid style leadership. The ""management level"" are at the bottom to provide support to the front line staff who provide the guest experience and do the important work. Their job is to remove obstacles preventing staff from reaching their objectives.""<br/><a href=""https://www.pon.harvard.edu/daily/leadership-skills-daily/servant-leadership-theory/"">An article explaining the concept</a>.",
Golibe's Vertigo,images/golibe.gif,images/golibe.gif,"Gloibe: Courage means to be brave, not to be deterred. As a leader you need to be determined to achieve your vision. You need to be brave. You need to face your fears to achieve your ambitious goals.
Walking on the Skywalk at the Colombia Icefields of Alberta during the CSC Conference made me face my fear of heights. I achieved it with the help of my team members. They helped me to be brave.",
Dainty's Birthday,images/DaintyBirthday.png,images/DaintyBirthday.png,Dainty's birthday on June 7th was one of two we celebrated during the trip! We have a birthday list so try to remember everyone's birthdays on the WhatsApp group even after the study tour has finished.,
"Greg Stewart, President of the Sinclair Group",images/GregLakeland.png,images/GregLakeland.png,"<a href=""https://sinclar.com/leadership/"">Greg is a third-generation leader of Sinclar.</a> He talked about a lot of interesting topics, including how Sinclair tries to be environmentally concious (3 trees planted for every one taken, removing dead lumber can help increase the health of the forest and reduce wildfire risk, excess heat from the Mill is used to warm municipal buildings), how they work with First Nations and how they incorporated AI into their processes.<br />Nicole: While becoming more efficient for operations, more jobs in the tech side are created as opposed to traditional jobs on the maintenance side. From a labour standpoint, agreed with the method of a hiring freeze when AI was introduced and not re-filling now redundant positions.",
Barkerville,images/Barkerville.png,images/BarkervilleGroupShot.jpg,Just the coolest photo ever.,
Another Breakdown,images/RaftBreakdown.png,images/RaftBreakdown.png,Amazingly we had another vehicle breakdown requiring a change of motor,
Britannia Mine Museum,images/Britannia.jpeg,images/Britannia.jpeg,"Britannia Mine Museum was awesome. <a href=""https://www.britanniaminemuseum.ca/pages/boom"">Boom! was an excellent piece of immersive story telling.</a>",
Jenna from Squamish,images/Jenna2.png,images/Jenna2.png,,
Seaforth Highlanders,images/Model_reproduction_of_German_lines.jpg,images/Model_reproduction_of_German_lines.jpg,"Nicole: Vimy Ridge was a battle won by Canadians because all soldiers at every level knew the exact plan and succession planning was clearly communicated in case reporting officer passed away, so they knew who needed to step up to a leadership position.",
JZ and UBI,images/JayZ%2B.jpeg,images/JayZ%2B.jpeg,"JZ (Jiaying Zhao) Not the cool rapper, but the professor trying to cool the planet through behavioral change. Here's her <a href=""https://www.ted.com/talks/jiaying_zhao_how_to_feng_shui_your_fridge_and_other_happy_climate_hacks"">TED Talk</a>",
Vancouver Hospice Society,images/Hospice.jpeg,images/Hospice.jpeg,,
Sarah McLachlan School of Music,images/SOM-Nicole.jpeg,images/SOM-Nicole.jpeg,,https://www.youtube.com/watch?v=hfo5MwINq7o
Rehearsals for our presentation,images/PracticeInTheHallway.jpg,images/PracticeInTheHallway.jpg,I don't know what the plan was here…,https://www.youtube.com/watch?v=DKVV__rhD_o
Party time!,images/InsideGroupShot.jpg,images/StepsPhoto.jpg,All dressed up!,
Our Bus Journey,images/BusTimelapse.jpg,images/BusTimelapse.jpg,Our journey through the mountains on the bus along the Trans Canada Highway.,
Dinner in Jasper,images/JasperDinner.jpg,images/JasperDinner.jpg,"Muhammed: During the dinner with Todd, <a href=""https://www.gg.ca/en/gregory-c-van-tighem-msm"">Greg the Fire Chief,/a> and other Jasper community leaders, we gained valuable insights into forest wildfire management (from Landon Shepherd, a fire and vegetation specialist with Parks Canada) and the importance of community engagement. Todd's team's dedication and commitment to protecting the wilderness while actively involving the local community were truly inspiring. Their stories reminded us of the power of collaboration and the positive impact it can have on both nature and society after making Jasper home 25-30 years ago.<br />
Additionally, I was captivated by those who came to Jasper for holidays and ended up staying indefinitely. This exemplified the profound effect that a place like Jasper can have on people, drawing them in with its charm and creating a deep sense of belonging<br />Kai: Not enough is being done in Jasper to drive diversity, opportunities, change. Pale male and stale ",
"Fred, Our Bus Driver",images/Fred.png,images/Fred.gif,Fred our driver has been an indefatigable powerhouse throughout the trip putting in long hours in strange places while remaining upbeat,
Heating in Prince George,images/Socks.jpeg,images/SimonYu.jpg,"We met the <a href=""https://johnabrink.com/on-the-brink-mayor-simon-yu-episode-109/"">Mayor of Prince George, Simon Yu</a> who has had a fascinating journey from his birthplace in Hong Kong. He showed us the heating facility that uses the waste heat from the sawmill kiln, itself powered by waste sawdust, to heat 13 of the government buildings in their community. The tangible success of this pilot is being used to inspire and drive expansion. He also gave us some Prince George branded socks with the town's slightly terrifying mascot on them.",
Mike and Cheryl's Drum Circle in Barkerville,images/MikeAndSherylDrum.jpeg,images/Drum.png,"The drum circle in Barkerville was a wonderful experience. When we did the first one, I loved to learn that it orginally evolved as a practical way to scare off bears (Many community building traditions we encountered had practical roots), but after hearing Mike and Sheryl's emotional stories about the hardships their community had faced in previous generations and their own the final drum circle we did before we left took on a deeper emotional signifcance.",https://www.youtube.com/watch?v=jYN_4oJdJpw
Debriefs,images/BusDiscussions.jpg,images/BusDiscussions.jpg,We sometimes did debriefs while stationary but we were travelling so much that a lot of our debriefs and discussions were on the bus. There was some passionate conversations as well as a lot of laughs.,
Quantum Technologies,images/HydrogenCar.jpg,images/HydrogenWorkshop.jpg,"Trish: Quantum Technologies is designing new tech to reuse helium and hydrogen through their systems to capture, filter and reuse them",
Kate from Squamish,images/Kate.jpeg,images/Kate.jpeg,,
Chief Point,images/ChiefPointLL.jpg,images/ChiefPointDainty.jpg,"Dainty: Having engaged representatives from across 6 tribes, there was a clear difference in the posture of the Older vs the Younger Indigenous persons.   Chief Steven Point, Chancellor of University of British Columbia indicated  that the younger population are open to reconciliation but the older indigenous population are still upset. He stated “I thought about it, and I realized..the younger population…they are not damaged”",
UBC's Dean Megan,images/DeanMegan.png,images/DeanMegan.png,,
Port of Vancouver,images/CraneDown.jpeg,images/ArpitDance.gif,,
LIFT,images/LIFT_2021_Logo_RGB_Vertical_Colour.svg,images/LIFT_2021_Logo_RGB_Vertical_Colour.svg,,
Homes and Housing,images/Homes.jpeg,images/Homes.jpeg,The housing crisis and affordability was a common theme throughout the trip,
Our Presentation,images/PostPres.jpg,images/Presentation2.jpg,"Though we say so ourselves, our presentation was a huge success! These are <a href=""https://docs.google.com/presentation/d/1uGbT_eb0Pkav7XGruoOYQVXq7X7WYzW0Na6k3gz5VRk/edit?usp=sharing"">the slides.</a>",
Bus Breakdown,images/BusBreakdown.png,images/busbreakdown.gif,"On the way to the glacier, the bus broke down because it was overheating. It was lovely how many people stopped and offered to help, including one guy in an interestingly decorated car with a doll strapped to the hood. We made it to a rest area and there we managed to get a lift with a lovely tour bus of Germans who took us to the Glacier and Skywalk. <br />Kali: Resilience and adaptability are sure signs of a great leader and are valuable in every facet of life. We had a testing journey that would have broken many teams apart, however we had fun, trusted the process and each other, and took all the challenges as they came. Regardless of the drama, I had the best day yesterday! Also, when you need to hitchhike and catch a random bus with strangers, call Ed :)<br />Caroline: The best decision for a team (or organization) isn’t always the perfect decision. Some sacrifices have to be made and some risks taken in order to reap some (or more) benefits. Like leaving our luggage behind! I know not everyone was comfortable with it and some even thought it was a bad idea. At that point our options were:  A) status quo or B) take a leap of faith. I imagine that the rest of the day would have turned out very different had we not taken that leap of faith to leave our luggage behind.",
Spirit Island at Maligne Lake,images/Spirit.jpeg,images/SpiritIsland.png,"As we traveled along our journey, we met Dr. Rebekah Ingram, an expert at Carleton University on Indigenous languages, who said, when discussing the meaning and origins of Indigenous words, “The way that I had been thinking was based exclusively on the viewpoint of the world that I did not even know that I had; we were not being critical of our own information sources.”",https://youtu.be/vweT3ILNVQw
Royal Canadian Legion,images/RoyalCanadianLegionValemount.jpg,images/Legion2.jpg,"At the Valemount Royal Canadian Legion we met Zoe, an inspirational girl who loved her dirt bike and snowmobile and was a member of the <a href=""https://www.canada.ca/en/department-national-defence/services/cadets-junior-canadian-rangers/junior-canadian-rangers.html"">Junior Canadian Rangers</a>.",
Encampment in Prince George,images/PrinceGeorgeHomelessCamp.jpeg,images/PrinceGeorgeHomelessCamp.jpeg,"Prince George had a large tent encampment of homeless people, a complex challenge caused by problems with housing affordability, addiction and other issues. <a href=""https://www.cbc.ca/news/canada/british-columbia/prince-george-homeless-camp-shut-down-9.6951289"">This camp was actually closed down in 2025, under the condition that the 20 residents at the time were found suitable accomodation and didn't apply for an exemption.</a>",
Mike Retasket and Cheryl Chapman,images/MikeAndCheryl.jpg,images/MikeAndCheryl.jpg,"Golibe: I saw courage in Mike Retasket, a Leader of the Bonaparte Indigenous nation in British Columbia. Everyday, he relives his painful emotional life experiences growing up as he pursues his vision of truth and reconciliation.<br />Mike introduced us to the seven generation concept.<br />Omar: Mike went to the forest this morning. He collected the herbs he needed and he left the rest for the ones who came after.",
Ceremony,images/CeremonyText.png,images/CeremonyText.png,,
Ruth,images/Ruth.png,images/Ruth.png,,
Whistler,images/RukiaWhistler.png,images/RukiaWhistler.png,,
Nature Garden at UBC,images/NatureGarden.jpeg,images/NatureGarden.jpeg,,
The Longhouse,images/LonghouseSLCC.jpeg,images/LonghouseSLCC.jpeg,,
Port of Vancouver,images/Crane.jpeg,images/Crane.jpeg,,
Grouse Grind,images/Grouse.jpeg,images/Grouse.jpeg,,
The Dinner,images/DinnerImage.jpg,images/DinnerImage.jpg,After the presentations there was a dinner with all the study groups and CSC Alumni,
Our last meal together!,images/RoofDinner1.jpg,images/RoofDinner2.jpg,Overlooking Montreal,


